{"cameraMode":{"drawMode":0,"name":"Shaded","section":"Shading Mode"},"sceneLighting":false,"audioPlay":false,"sceneViewState":{"showFog":true,"showMaterialUpdate":false,"showSkybox":false,"showFlares":true,"showImageEffects":true,"showParticleSystems":true},"in2DMode":false,"pivot":{"x":1.4901161193847657e-8,"y":0.0,"z":-1.4901161193847657e-8},"rotation":{"x":-0.1358388215303421,"y":0.11003758758306503,"z":-0.015175596810877324,"w":-0.9845139980316162},"size":1.0099505186080933,"orthographic":false}