{"cameraMode":{"drawMode":0,"name":"Shaded","section":"Shading Mode"},"sceneLighting":true,"audioPlay":false,"sceneViewState":{"showFog":true,"showMaterialUpdate":false,"showSkybox":true,"showFlares":true,"showImageEffects":true,"showParticleSystems":true},"in2DMode":false,"pivot":{"x":-13.411113739013672,"y":0.8540009260177612,"z":3.6669554710388185},"rotation":{"x":-0.18236680328845979,"y":0.4695586562156677,"z":-0.0997941717505455,"w":-0.8581005334854126},"size":23.443235397338868,"orthographic":false}