{"cameraMode":{"drawMode":0,"name":"Shaded","section":"Shading Mode"},"sceneLighting":true,"audioPlay":false,"sceneViewState":{"showFog":true,"showMaterialUpdate":false,"showSkybox":true,"showFlares":true,"showImageEffects":true,"showParticleSystems":true},"in2DMode":false,"pivot":{"x":2.45206618309021,"y":0.773472785949707,"z":1.3891518115997315},"rotation":{"x":-0.15238171815872193,"y":-0.4095575213432312,"z":0.0695866197347641,"w":-0.8967933058738709},"size":6.852022647857666,"orthographic":false}